<?xml version="1.0" encoding="UTF-8" ?>
<!--

    Sonatype Nexus (TM) Open Source Version
    Copyright (c) 2008-present Sonatype, Inc.
    All rights reserved. Includes the third-party code listed at http://links.sonatype.com/products/nexus/oss/attributions.

    This program and the accompanying materials are made available under the terms of the Eclipse Public License Version 1.0,
    which accompanies this distribution and is available at http://www.eclipse.org/legal/epl-v10.html.

    Sonatype Nexus (TM) Professional Version is available from Sonatype, Inc. "Sonatype" and "Sonatype Nexus" are trademarks
    of Sonatype, Inc. Apache Maven is a trademark of the Apache Software Foundation. M2eclipse is a trademark of the
    Eclipse Foundation. All other trademarks are the property of their respective owners.

-->
<!DOCTYPE mapper PUBLIC "-//mybatis.org//DTD Mapper 3.0//EN" "http://mybatis.org/dtd/mybatis-3-mapper.dtd">
<mapper namespace="org.sonatype.nexus.internal.log.overrides.datastore.LoggingOverridesDAO">

  <insert id="createSchema">
    CREATE TABLE IF NOT EXISTS logging_overrides (
      id INTEGER GENERATED BY DEFAULT AS IDENTITY,
      name VARCHAR(256) NOT NULL,
      level VARCHAR(256) NOT NULL,

      CONSTRAINT pk_logging_overrides_id PRIMARY KEY (id)
      );

    CREATE UNIQUE INDEX IF NOT EXISTS uk_name ON logging_overrides (name);
  </insert>

  <insert id="createRecord" parameterType="LoggingOverridesData">
    INSERT INTO logging_overrides (name, level)
    VALUES (#{name}, #{level});
  </insert>

  <select id="readRecords" resultType="org.sonatype.nexus.internal.log.overrides.datastore.LoggingOverridesData" >
    SELECT id, name, level FROM logging_overrides
    <if test="continuationToken != null">WHERE id > #{continuationToken}</if>
  </select>

  <update id="updateRecord" parameterType="LoggingOverridesData">
    UPDATE logging_overrides
    SET level = #{level}
    WHERE name = #{name}
  </update>

  <delete id="deleteRecord">
    DELETE FROM logging_overrides
    WHERE name = #{name};
  </delete>

  <delete id="deleteAllRecords">
    DELETE FROM logging_overrides
  </delete>

</mapper>
