<?xml version="1.0" encoding="UTF-8"?>
<!--

    Sonatype Nexus (TM) Open Source Version
    Copyright (c) 2008-present Sonatype, Inc.
    All rights reserved. Includes the third-party code listed at http://links.sonatype.com/products/nexus/oss/attributions.

    This program and the accompanying materials are made available under the terms of the Eclipse Public License Version 1.0,
    which accompanies this distribution and is available at http://www.eclipse.org/legal/epl-v10.html.

    Sonatype Nexus (TM) Professional Version is available from Sonatype, Inc. "Sonatype" and "Sonatype Nexus" are trademarks
    of Sonatype, Inc. Apache Maven is a trademark of the Apache Software Foundation. M2eclipse is a trademark of the
    Eclipse Foundation. All other trademarks are the property of their respective owners.

-->
<assembly xmlns="http://maven.apache.org/plugins/maven-assembly-plugin/assembly/1.1.2"
          xmlns:xsi="http://www.w3.org/2001/XMLSchema-instance"
          xsi:schemaLocation="http://maven.apache.org/plugins/maven-assembly-plugin/assembly/1.1.2 http://maven.apache.org/xsd/assembly-1.1.2.xsd">

  <id>bundle</id>

  <formats>
    <format>zip</format>
  </formats>

  <includeBaseDirectory>false</includeBaseDirectory>

  <fileSets>
    <fileSet>
      <directory>${project.build.directory}/assembly</directory>
      <outputDirectory>${project.build.finalName}</outputDirectory>
      <fileMode>0644</fileMode>
      <directoryMode>0755</directoryMode>
      <excludes>
        <exclude>bin/*</exclude>
        <exclude>data/**</exclude>
      </excludes>
    </fileSet>

    <fileSet>
      <directory>${project.build.directory}/assembly</directory>
      <outputDirectory>${project.build.finalName}</outputDirectory>
      <fileMode>0644</fileMode>
      <directoryMode>0755</directoryMode>
      <lineEnding>dos</lineEnding>
      <includes>
        <include>bin/*.bat</include>
      </includes>
    </fileSet>

    <fileSet>
      <directory>${project.build.directory}/assembly</directory>
      <outputDirectory>${project.build.finalName}</outputDirectory>
      <fileMode>0755</fileMode>
      <directoryMode>0755</directoryMode>
      <lineEnding>unix</lineEnding>
      <includes>
        <include>bin/*</include>
      </includes>
      <excludes>
        <exclude>bin/*.bat</exclude>
      </excludes>
    </fileSet>

    <fileSet>
      <directory>${project.build.directory}/sonatype-work</directory>
      <outputDirectory>sonatype-work</outputDirectory>
      <fileMode>0644</fileMode>
      <directoryMode>0755</directoryMode>
    </fileSet>
  </fileSets>

</assembly>
