<?xml version="1.0" encoding="UTF-8" ?>
<!--

    Sonatype Nexus (TM) Open Source Version
    Copyright (c) 2008-present Sonatype, Inc.
    All rights reserved. Includes the third-party code listed at http://links.sonatype.com/products/nexus/oss/attributions.

    This program and the accompanying materials are made available under the terms of the Eclipse Public License Version 1.0,
    which accompanies this distribution and is available at http://www.eclipse.org/legal/epl-v10.html.

    Sonatype Nexus (TM) Professional Version is available from Sonatype, Inc. "Sonatype" and "Sonatype Nexus" are trademarks
    of Sonatype, Inc. Apache Maven is a trademark of the Apache Software Foundation. M2eclipse is a trademark of the
    Eclipse Foundation. All other trademarks are the property of their respective owners.

-->
<!DOCTYPE mapper PUBLIC "-//mybatis.org//DTD Mapper 3.0//EN" "http://mybatis.org/dtd/mybatis-3-mapper.dtd">
<mapper namespace="org.sonatype.nexus.internal.security.realm.RealmConfigurationDAO">

  <insert id="createSchema">
    CREATE TABLE IF NOT EXISTS realm_configuration(
      id          INT          NOT NULL CHECK (id = 1),
      realm_names ${JSON_TYPE} NOT NULL,

      CONSTRAINT pk_realm_configuration_id PRIMARY KEY (id)
    );
  </insert>

  <select id="get" resultType="RealmConfigurationData">
    SELECT * FROM realm_configuration WHERE id = 1;
  </select>

  <insert id="set" parameterType="RealmConfigurationData">
    MERGE INTO realm_configuration (id, realm_names) VALUES (1, #{realmNames});
  </insert>

  <insert id="set" parameterType="RealmConfigurationData" databaseId="PostgreSQL">
    INSERT INTO realm_configuration (id, realm_names) VALUES (1, #{realmNames})
        ON CONFLICT (id) DO UPDATE SET realm_names = #{realmNames};
  </insert>

  <delete id="clear">
    DELETE FROM realm_configuration WHERE id = 1;
  </delete>

</mapper>
