<?xml version="1.0" encoding="UTF-8" standalone="yes"?>
<!--

    Sonatype Nexus (TM) Open Source Version
    Copyright (c) 2008-present Sonatype, Inc.
    All rights reserved. Includes the third-party code listed at http://links.sonatype.com/products/nexus/oss/attributions.

    This program and the accompanying materials are made available under the terms of the Eclipse Public License Version 1.0,
    which accompanies this distribution and is available at http://www.eclipse.org/legal/epl-v10.html.

    Sonatype Nexus (TM) Professional Version is available from Sonatype, Inc. "Sonatype" and "Sonatype Nexus" are trademarks
    of Sonatype, Inc. Apache Maven is a trademark of the Apache Software Foundation. M2eclipse is a trademark of the
    Eclipse Foundation. All other trademarks are the property of their respective owners.

-->
<features xmlns="http://karaf.apache.org/xmlns/features/v1.2.1" name="${project.artifactId}">
  <feature name="${project.artifactId}">
    <feature>nexus-audit-plugin</feature>
    <feature>nexus-ssl-plugin</feature>
    <feature>nexus-coreui-plugin</feature>
    <feature>nexus-repository-httpbridge</feature>
    <feature>nexus-script-plugin</feature>
    <feature>nexus-task-log-cleanup</feature>
    <feature>nexus-blobstore-s3</feature>
    <feature>nexus-blobstore-tasks</feature>
    <feature>nexus-onboarding-plugin</feature>
    <feature>nexus-default-role-plugin</feature>
    <feature>nexus-repository-apt</feature>
    <feature>nexus-repository-maven</feature>
    <feature>nexus-repository-raw</feature>
  </feature>
</features>
