<?xml version="1.0"?>
<!DOCTYPE Configure PUBLIC "-//Jetty//Configure//EN" "http://www.eclipse.org/jetty/configure_9_0.dtd">
<Configure id="Server" class="org.eclipse.jetty.server.Server">

  <!--
  ==== HTTPS ====
  Set the following inside nexus.properties:
  application-port-ssl: the port to listen for https connections
  -->

  <Ref refid="httpConfig">
    <Set name="secureScheme">https</Set>
    <Set name="securePort"><Property name="application-port-ssl" /></Set>
  </Ref>

  <New id="httpsConfig" class="org.eclipse.jetty.server.HttpConfiguration">
    <Arg><Ref refid="httpConfig"/></Arg>
    <Call name="addCustomizer">
      <Arg>
        <New id="secureRequestCustomizer" class="org.eclipse.jetty.server.SecureRequestCustomizer">
          <!-- 7776000 seconds = 90 days -->
          <Set name="stsMaxAge"><Property name="jetty.https.stsMaxAge" default="7776000"/></Set>
          <Set name="stsIncludeSubDomains"><Property name="jetty.https.stsIncludeSubDomains" default="false"/></Set>
          <Set name="sniHostCheck"><Property name="jetty.https.sniHostCheck" default="false"/></Set>
        </New>
      </Arg>
    </Call>
  </New>

  <New id="sslContextFactory" class="org.eclipse.jetty.util.ssl.SslContextFactory$Server">
    <Set name="KeyStorePath"><Property name="ssl.etc"/>/keystore.jks</Set>
    <Set name="KeyStorePassword">password</Set>
    <Set name="KeyManagerPassword">password</Set>
    <Set name="TrustStorePath"><Property name="ssl.etc"/>/keystore.jks</Set>
    <Set name="TrustStorePassword">password</Set>
    <Set name="EndpointIdentificationAlgorithm"></Set>
    <Set name="NeedClientAuth"><Property name="jetty.ssl.needClientAuth" default="false"/></Set>
    <Set name="WantClientAuth"><Property name="jetty.ssl.wantClientAuth" default="false"/></Set>
    <Set name="IncludeProtocols">
      <Array type="java.lang.String">
        <Item>TLSv1.2</Item>
      </Array>
    </Set>
  </New>

  <Call  name="addConnector">
    <Arg>
      <New id="httpsConnector" class="org.eclipse.jetty.server.ServerConnector">
        <Arg name="server"><Ref refid="Server" /></Arg>
        <Arg name="acceptors" type="int"><Property name="jetty.https.acceptors" default="-1"/></Arg>
        <Arg name="selectors" type="int"><Property name="jetty.https.selectors" default="-1"/></Arg>
        <Arg name="factories">
          <Array type="org.eclipse.jetty.server.ConnectionFactory">
            <Item>
              <New class="org.sonatype.nexus.bootstrap.jetty.InstrumentedConnectionFactory">
                <Arg>
                  <New class="org.eclipse.jetty.server.SslConnectionFactory">
                    <Arg name="next">http/1.1</Arg>
                    <Arg name="sslContextFactory"><Ref refid="sslContextFactory"/></Arg>
                  </New>
                </Arg>
              </New>
            </Item>
            <Item>
              <New class="org.eclipse.jetty.server.HttpConnectionFactory">
                <Arg name="config"><Ref refid="httpsConfig" /></Arg>
              </New>
            </Item>
          </Array>
        </Arg>

        <Set name="host"><Property name="application-host" /></Set>
        <Set name="port"><Property name="application-port-ssl" /></Set>
        <Set name="idleTimeout"><Property name="jetty.https.timeout" default="30000"/></Set>
        <Set name="acceptorPriorityDelta"><Property name="jetty.https.acceptorPriorityDelta" default="0"/></Set>
        <Set name="acceptQueueSize"><Property name="jetty.https.acceptQueueSize" default="0"/></Set>
      </New>
    </Arg>
  </Call>

</Configure>
