<?xml version="1.0" encoding="UTF-8" ?>
<!--

    Sonatype Nexus (TM) Open Source Version
    Copyright (c) 2008-present Sonatype, Inc.
    All rights reserved. Includes the third-party code listed at http://links.sonatype.com/products/nexus/oss/attributions.

    This program and the accompanying materials are made available under the terms of the Eclipse Public License Version 1.0,
    which accompanies this distribution and is available at http://www.eclipse.org/legal/epl-v10.html.

    Sonatype Nexus (TM) Professional Version is available from Sonatype, Inc. "Sonatype" and "Sonatype Nexus" are trademarks
    of Sonatype, Inc. Apache Maven is a trademark of the Apache Software Foundation. M2eclipse is a trademark of the
    Eclipse Foundation. All other trademarks are the property of their respective owners.

-->
<!DOCTYPE mapper PUBLIC "-//mybatis.org//DTD Mapper 3.0//EN" "http://mybatis.org/dtd/mybatis-3-mapper.dtd">
<mapper namespace="org.sonatype.nexus.internal.node.DeploymentIdDAO">

  <insert id="createSchema">
    CREATE TABLE IF NOT EXISTS deployment_id (
      id            INT          NOT NULL CHECK (id = 1),
      deployment_id VARCHAR(200) NOT NULL,

      CONSTRAINT pk_deployment_id PRIMARY KEY (id)
    );
  </insert>

  <select id="get" resultType="java.lang.String">
    SELECT deployment_id
    FROM deployment_id
    WHERE id = 1;
  </select>

  <insert id="set" parameterType="java.lang.String">
    MERGE INTO deployment_id (id, deployment_id)
    VALUES (1, #{deploymentId});
  </insert>

  <insert id="set" parameterType="java.lang.String" databaseId="PostgreSQL">
    INSERT INTO deployment_id (id, deployment_id)
    VALUES (1, #{deploymentId})
    ON CONFLICT (id) DO UPDATE SET deployment_id = #{deploymentId};
  </insert>
</mapper>
