<?xml version="1.0" encoding="UTF-8" ?>
<!--

    Sonatype Nexus (TM) Open Source Version
    Copyright (c) 2008-present Sonatype, Inc.
    All rights reserved. Includes the third-party code listed at http://links.sonatype.com/products/nexus/oss/attributions.

    This program and the accompanying materials are made available under the terms of the Eclipse Public License Version 1.0,
    which accompanies this distribution and is available at http://www.eclipse.org/legal/epl-v10.html.

    Sonatype Nexus (TM) Professional Version is available from Sonatype, Inc. "Sonatype" and "Sonatype Nexus" are trademarks
    of Sonatype, Inc. Apache Maven is a trademark of the Apache Software Foundation. M2eclipse is a trademark of the
    Eclipse Foundation. All other trademarks are the property of their respective owners.

-->
<!DOCTYPE mapper PUBLIC "-//mybatis.org//DTD Mapper 3.0//EN" "http://mybatis.org/dtd/mybatis-3-mapper.dtd">
<mapper namespace="org.sonatype.nexus.internal.jwt.datastore.JwtSecretDAO">

  <insert id="createSchema">
    CREATE TABLE IF NOT EXISTS jwt_secret (
        id         INT          NOT NULL CHECK (id = 1),
        secret     VARCHAR(200) NOT NULL,

        CONSTRAINT pk_jwt_secret_id PRIMARY KEY (id)
    );
  </insert>

  <select id="get" resultType="java.lang.String">
    SELECT secret FROM jwt_secret WHERE id = 1;
  </select>

  <update id="set" parameterType="java.lang.String">
    UPDATE jwt_secret SET secret = #{secret}
    WHERE id = 1;
  </update>

  <!-- note that secret will be set up only if it is not presented yet -->
  <insert id="setIfEmpty" parameterType="java.lang.String">
    INSERT INTO jwt_secret (id, secret) SELECT 1, #{secret}
    WHERE NOT exists(SELECT * FROM jwt_secret);
  </insert>


</mapper>
