<?xml version="1.0" encoding="UTF-8" ?>
<!--

    Sonatype Nexus (TM) Open Source Version
    Copyright (c) 2008-present Sonatype, Inc.
    All rights reserved. Includes the third-party code listed at http://links.sonatype.com/products/nexus/oss/attributions.

    This program and the accompanying materials are made available under the terms of the Eclipse Public License Version 1.0,
    which accompanies this distribution and is available at http://www.eclipse.org/legal/epl-v10.html.

    Sonatype Nexus (TM) Professional Version is available from Sonatype, Inc. "Sonatype" and "Sonatype Nexus" are trademarks
    of Sonatype, Inc. Apache Maven is a trademark of the Apache Software Foundation. M2eclipse is a trademark of the
    Eclipse Foundation. All other trademarks are the property of their respective owners.

-->
<!DOCTYPE mapper PUBLIC "-//mybatis.org//DTD Mapper 3.0//EN" "http://mybatis.org/dtd/mybatis-3-mapper.dtd">
<mapper namespace="org.sonatype.nexus.internal.security.model.CPrivilegeDAO">

  <insert id="createSchema">
    CREATE TABLE IF NOT EXISTS privilege (
      id          VARCHAR(200) NOT NULL,
      name        VARCHAR(200) NOT NULL,
      description VARCHAR(400) NULL,
      type        VARCHAR(100) NOT NULL,
      properties  ${JSON_TYPE} NOT NULL,
      read_only   BOOLEAN      NOT NULL,
      version     INT          NOT NULL DEFAULT 1,

      CONSTRAINT pk_privilege_id PRIMARY KEY (id)
    );

    CREATE INDEX IF NOT EXISTS idx_privilege_by_name ON privilege(name)
  </insert>

  <select id="browse" resultType="CPrivilegeData">
    SELECT * FROM privilege;
  </select>

  <insert id="create" parameterType="CPrivilegeData">
    INSERT INTO privilege(id, name, description, type, properties, read_only, version)
        VALUES (#{id}, #{name}, #{description}, #{type}, #{properties}, #{readOnly}, #{version});
  </insert>

  <select id="read" resultType="CPrivilegeData">
    SELECT * FROM privilege WHERE id = #{value};
  </select>

  <select id="readByName" resultType="CPrivilegeData">
    SELECT * FROM privilege WHERE name = #{value};
  </select>

  <select id="findByIds" resultType="CPrivilegeData" parameterType="java.util.Set">
    SELECT * FROM privilege
    <where>
      <foreach collection="ids" item="ids" index="index" open="id IN (" close=")" separator=",">
        #{ids}
      </foreach>
    </where>
  </select>

  <update id="update" parameterType="CPrivilegeData">
    UPDATE privilege SET name = #{name}, description = #{description}, type = #{type},
        properties = #{properties}, read_only = #{readOnly}, version = #{version}
        WHERE id = #{id};
  </update>

  <update id="updateByName" parameterType="CPrivilegeData">
    UPDATE privilege SET name = #{name}, description = #{description}, type = #{type},
                         properties = #{properties}, read_only = #{readOnly}, version = #{version}
    WHERE name = #{name};
  </update>

  <delete id="delete">
    DELETE FROM privilege WHERE id = #{value};
  </delete>

  <delete id="deleteByName">
    DELETE FROM privilege WHERE name = #{value};
  </delete>

</mapper>
