<?xml version="1.0" encoding="UTF-8" ?>
<!--

    Sonatype Nexus (TM) Open Source Version
    Copyright (c) 2008-present Sonatype, Inc.
    All rights reserved. Includes the third-party code listed at http://links.sonatype.com/products/nexus/oss/attributions.

    This program and the accompanying materials are made available under the terms of the Eclipse Public License Version 1.0,
    which accompanies this distribution and is available at http://www.eclipse.org/legal/epl-v10.html.

    Sonatype Nexus (TM) Professional Version is available from Sonatype, Inc. "Sonatype" and "Sonatype Nexus" are trademarks
    of Sonatype, Inc. Apache Maven is a trademark of the Apache Software Foundation. M2eclipse is a trademark of the
    Eclipse Foundation. All other trademarks are the property of their respective owners.

-->
<!DOCTYPE mapper PUBLIC "-//mybatis.org//DTD Mapper 3.0//EN" "http://mybatis.org/dtd/mybatis-3-mapper.dtd">
<mapper namespace="org.sonatype.nexus.internal.security.model.CRoleDAO">

  <insert id="createSchema">
    CREATE TABLE IF NOT EXISTS role (
      id          VARCHAR(200) NOT NULL,
      name        VARCHAR(200) NOT NULL,
      description VARCHAR(400) NULL,
      privileges  ${JSON_TYPE} NOT NULL,
      roles       ${JSON_TYPE} NOT NULL,
      read_only   BOOLEAN      NOT NULL,
      version     INT          NOT NULL DEFAULT 1,

      CONSTRAINT pk_role_id PRIMARY KEY (id)
    );
  </insert>

  <select id="browse" resultType="CRoleData">
    SELECT * FROM role;
  </select>

  <insert id="create" parameterType="CRoleData">
    INSERT INTO role(id, name, description, privileges, roles, read_only, version)
        VALUES (#{id}, #{name}, #{description}, #{privileges}, #{roles}, #{readOnly}, #{version});
  </insert>

  <select id="read" resultType="CRoleData">
    SELECT * FROM role WHERE id = #{value};
  </select>

  <update id="update" parameterType="CRoleData">
    UPDATE role SET name = #{name}, description = #{description}, privileges = #{privileges},
           roles = #{roles}, read_only = #{readOnly}, version = #{version}
           WHERE id = #{id};
  </update>

  <delete id="delete">
    DELETE FROM role WHERE id = #{value};
  </delete>

</mapper>
