<?xml version="1.0" encoding="UTF-8" ?>
<!--

    Sonatype Nexus (TM) Open Source Version
    Copyright (c) 2008-present Sonatype, Inc.
    All rights reserved. Includes the third-party code listed at http://links.sonatype.com/products/nexus/oss/attributions.

    This program and the accompanying materials are made available under the terms of the Eclipse Public License Version 1.0,
    which accompanies this distribution and is available at http://www.eclipse.org/legal/epl-v10.html.

    Sonatype Nexus (TM) Professional Version is available from Sonatype, Inc. "Sonatype" and "Sonatype Nexus" are trademarks
    of Sonatype, Inc. Apache Maven is a trademark of the Apache Software Foundation. M2eclipse is a trademark of the
    Eclipse Foundation. All other trademarks are the property of their respective owners.

-->
<!DOCTYPE mapper PUBLIC "-//mybatis.org//DTD Mapper 3.0//EN" "http://mybatis.org/dtd/mybatis-3-mapper.dtd">
<mapper namespace="org.sonatype.nexus.internal.security.model.CUserRoleMappingDAO">

  <insert id="createSchema">
    CREATE TABLE IF NOT EXISTS user_role_mapping (
      user_id VARCHAR(200) NOT NULL,
      user_lo VARCHAR(200) NULL,
      source  VARCHAR(100) NOT NULL,
      roles   ${JSON_TYPE} NOT NULL,
      version INT          NOT NULL DEFAULT 1,

      CONSTRAINT pk_user_role_mapping_user_id_source PRIMARY KEY (user_id, source)
    );

    CREATE INDEX IF NOT EXISTS idx_user_role_mapping_source ON user_role_mapping (user_lo, source);
  </insert>

  <sql id="userMatch">
    <choose>
      <when test="userLo != null">
        user_lo = #{userLo}
      </when>
      <otherwise>
        user_id = #{userId}
      </otherwise>
    </choose>
  </sql>

  <select id="browse" resultType="CUserRoleMappingData">
    SELECT * FROM user_role_mapping;
  </select>

  <insert id="create" parameterType="CUserRoleMappingData">
    INSERT INTO user_role_mapping(user_id, user_lo, source, roles, version)
        VALUES (#{userId}, #{userLo}, #{source}, #{roles}, #{version});
  </insert>

  <select id="read" resultType="CUserRoleMappingData">
    SELECT * FROM user_role_mapping WHERE <include refid="userMatch"/> AND source = #{source};
  </select>

  <update id="update" parameterType="CUserRoleMappingData">
    UPDATE user_role_mapping SET roles = #{roles}, version = #{version}
        WHERE <include refid="userMatch"/> AND source = #{source};
  </update>

  <delete id="delete">
    DELETE FROM user_role_mapping WHERE <include refid="userMatch"/> AND source = #{source};
  </delete>

</mapper>
