<?xml version="1.0" encoding="UTF-8" ?>
<!--

    Sonatype Nexus (TM) Open Source Version
    Copyright (c) 2008-present Sonatype, Inc.
    All rights reserved. Includes the third-party code listed at http://links.sonatype.com/products/nexus/oss/attributions.

    This program and the accompanying materials are made available under the terms of the Eclipse Public License Version 1.0,
    which accompanies this distribution and is available at http://www.eclipse.org/legal/epl-v10.html.

    Sonatype Nexus (TM) Professional Version is available from Sonatype, Inc. "Sonatype" and "Sonatype Nexus" are trademarks
    of Sonatype, Inc. Apache Maven is a trademark of the Apache Software Foundation. M2eclipse is a trademark of the
    Eclipse Foundation. All other trademarks are the property of their respective owners.

-->
<!DOCTYPE mapper PUBLIC "-//mybatis.org//DTD Mapper 3.0//EN" "http://mybatis.org/dtd/mybatis-3-mapper.dtd">
<mapper namespace="org.sonatype.nexus.internal.security.model.CUserDAO">

  <insert id="createSchema">
    CREATE TABLE IF NOT EXISTS security_user (
      id         VARCHAR(200) NOT NULL,
      first_name VARCHAR(200) NULL,
      last_name  VARCHAR(200) NULL,
      password   VARCHAR(200) NOT NULL,
      status     VARCHAR(100) NOT NULL,
      email      VARCHAR(200) NOT NULL,
      version    INT          NOT NULL DEFAULT 1,

      CONSTRAINT pk_security_user_id PRIMARY KEY (id)
    );
  </insert>

  <select id="browse" resultType="CUserData">
    SELECT * FROM security_user;
  </select>

  <insert id="create" parameterType="CUserData">
    INSERT INTO security_user(id, first_name, last_name, password, status, email, version)
        VALUES (#{id}, #{firstName}, #{lastName}, #{password}, #{status}, #{email}, #{version});
  </insert>

  <select id="read" resultType="CUserData">
    SELECT * FROM security_user WHERE id = #{value};
  </select>

  <update id="update" parameterType="CUserData">
    UPDATE security_user SET first_name = #{firstName}, last_name = #{lastName},
        password = #{password}, status = #{status}, email = #{email}, version = #{version}
        WHERE id = #{id};
  </update>

  <delete id="delete">
    DELETE FROM security_user WHERE id = #{value};
  </delete>
</mapper>
